pmid;pmcid;doi;publisher_id;journal;journal_domain;journal_field;journal_subfield;n_authors;is_plos;is_bmc;title;n_references_tot;n_references;has_das;das_encouraged;das_required;das;p_year;p_month;has_month;n_cit_2;n_cit_3;n_cit_5;n_cit_tot;h_index_min;h_index_max;h_index_mean;h_index_median
27450394;4957301;10.1186/s12957-016-0944-z;944;World Journal of Surgical Oncology;Health Sciences;Clinical Medicine;Oncology & Carcinogenesis;2;False;True;Complete remission of pancreatic head desmoid tumor treated by COX-2 inhibitor—a case report;18;15;True;True;True;The availability of the data and material section concerning the case report is related to all the diagnostic examinations that the patients have submitted during their hospitalization. The publication of all these data has been authorized by the Institutional Review Board of the Cathay General Hospital.;2016;7;True;0;0;0;0;0;0;0.000;0.000
18946506;2567031;10.1371/journal.pone.0003497;08-PONE-RA-05967;PLoS ONE;General;General Science & Technology;General Science & Technology;8;True;False;Adherent Monomer-Misfolded SOD1;28;27;False;False;False;;2008;7;True;0;0;0;0;0;0;0.000;0.000
24278356;3838364;10.1371/journal.pone.0080968;PONE-D-13-16531;PLoS ONE;General;General Science & Technology;General Science & Technology;12;True;False;A New Freshwater Biodiversity Indicator Based on Fish Community Assemblages;72;23;False;False;False;;2013;7;True;0;0;0;0;0;0;0.000;0.000
21092276;2999619;10.1186/1471-2407-10-639;1471-2407-10-639;BMC Cancer;Health Sciences;Clinical Medicine;Oncology & Carcinogenesis;8;False;True;Validation of cytoplasmic-to-nuclear ratio of survivin as an indicator of improved prognosis in breast cancer;31;30;False;False;False;;2010;7;True;0;0;0;0;0;0;0.000;0.000
28481957;5421800;10.1371/journal.pone.0177334;PONE-D-17-00738;PLoS ONE;General;General Science & Technology;General Science & Technology;10;True;False;Deletion of Shp2 in bronchial epithelial cells impairs IL-25 production in vitro, but has minor influence on asthmatic inflammation in vivo;43;40;True;True;True;All relevant data are within the paper and its Supporting Information files.;2017;5;True;0;0;0;0;0;0;0.000;0.000
28241883;5330007;10.1186/s13049-017-0368-y;368;Scandinavian Journal of Trauma, Resuscitation and Emergency Medicine;;;;6;False;True;The number of displaced rib fractures is more predictive for complications in chest trauma patients;22;22;True;True;True;Please contact authors for data requests.;2017;2;True;0;0;0;0;0;0;0.000;0.000
27575485;5004859;10.1371/journal.pone.0160078;PONE-D-16-13776;PLoS ONE;General;General Science & Technology;General Science & Technology;4;True;False;The Molecular Mechanisms of the Antibacterial Effect of Picosecond Laser Generated Silver Nanoparticles and Their Toxicity to Human Cells;51;36;True;True;True;All relevant data are within the paper.;2016;7;True;0;0;0;0;0;0;0.000;0.000
25012075;4227090;10.1186/1471-2334-14-383;1471-2334-14-383;BMC Infectious Diseases;Health Sciences;Biomedical Research;Microbiology;8;False;True;Agreement between QuantiFERON®-TB Gold In-Tube and the tuberculin skin test and predictors of positive test results in Warao Amerindian pediatric tuberculosis contacts;61;55;False;True;False;;2014;7;True;0;0;0;0;0;0;0.000;0.000
26864019;4750183;10.1186/s12889-016-2763-0;2763;BMC Public Health;Health Sciences;Public Health & Health Services;Public Health;5;False;True;Variations in schools’ commitment to health and implementation of health improvement activities: a cross-sectional study of secondary schools in Wales;35;26;False;True;True;;2016;2;True;0;0;0;0;0;0;0.000;0.000
23244740;3563543;10.1186/2046-1682-5-22;2046-1682-5-22;BMC Biophysics;;;;3;False;True;Stochastic dynamics of virus capsid formation: direct versus hierarchical self-assembly;43;43;False;False;False;;2012;7;True;0;0;0;0;0;0;0.000;0.000
25719456;4342261;10.1371/journal.pone.0116950;PONE-D-14-25972;PLoS ONE;General;General Science & Technology;General Science & Technology;1;True;False;Towards a Formal Genealogical Classification of the Lezgian Languages (North Caucasus): Testing Various Phylogenetic Methods on Lexical Data;55;7;True;True;True;All relevant data are within the paper and its Supporting Information files.;2015;2;True;0;0;0;0;0;0;0.000;0.000
26161510;4498899;10.1371/journal.pone.0130253;PONE-D-15-16158;PLoS ONE;General;General Science & Technology;General Science & Technology;8;True;False;Synthesis Mechanism and Thermal Optimization of an Economical Mesoporous Material Using Silica: Implications for the Effective Removal or Delivery of Ibuprofen;47;10;True;True;True;All relevant data are within the paper.;2015;7;True;0;0;0;0;0;0;0.000;0.000
21247416;3032702;10.1186/1471-2164-12-44;1471-2164-12-44;BMC Genomics;Applied Sciences;Enabling & Strategic Technologies;Bioinformatics;9;False;True;Ubiquitin-proteasome genes as targets for modulation of cisplatin sensitivity in fission yeast;53;53;False;False;False;;2011;1;True;0;0;0;0;0;0;0.000;0.000
26274504;4537211;10.1371/journal.pone.0136019;PONE-D-15-12587;PLoS ONE;General;General Science & Technology;General Science & Technology;10;True;False;Correlations between Clinical Features and Mortality in Patients with Vibrio vulnificus Infection;16;16;True;True;True;All relevant data are within the paper and its Supporting Information files.;2015;7;True;0;0;0;0;0;0;0.000;0.000
27391784;4938529;10.1371/journal.pone.0158888;PONE-D-15-55595;PLoS ONE;General;General Science & Technology;General Science & Technology;17;True;False;Preclinical Evidence of Anti-Tumor Activity Induced by EZH2 Inhibition in Human Models of Synovial Sarcoma;44;42;True;True;True;All relevant data are within the paper and its Supporting Information files. All RNA-seq files are available from the NCBI GEO database (accession number: GSE83479).;2016;7;True;0;0;0;0;0;0;0.000;0.000
26791569;4719576;10.1186/s12884-015-0780-0;780;BMC Pregnancy and Childbirth;Health Sciences;Clinical Medicine;Obstetrics & Reproductive Medicine;1;False;True;A study of an intelligent system to support decision making in the management of labour using the cardiotocograph – the INFANT study protocol;52;27;False;True;True;;2016;1;True;0;0;0;0;0;0;0.000;0.000
27031111;4816560;10.1371/journal.ppat.1005524;PPATHOGENS-D-16-00233;PLoS Pathogens;Health Sciences;Biomedical Research;Virology;8;True;False;Endosomal MR1 Trafficking Plays a Key Role in Presentation of Mycobacterium tuberculosis Ligands to MAIT Cells;34;34;True;True;True;All relevant data are within the paper and its Supporting Information files.;2016;3;True;0;0;0;0;0;0;0.000;0.000
25970426;4430520;10.1371/journal.pone.0127014;PONE-D-14-53747;PLoS ONE;General;General Science & Technology;General Science & Technology;5;True;False;Carotid Intima-Media Thickness, a Marker of Subclinical Atherosclerosis, and Particulate Air Pollution Exposure: the Meta-Analytical Evidence;42;39;True;True;True;The data used in this meta-analysis are extracted from previously published papers and their references are available within the paper.;2015;5;True;0;0;0;0;0;0;0.000;0.000
24602309;3975449;10.1186/1742-9994-11-23;1742-9994-11-23;Frontiers in Zoology;Natural Sciences;Biology;Evolutionary Biology;4;False;True;Insect immunity: oral exposure to a bacterial pathogen elicits free radical response and protects from a recurring infection;65;60;False;True;False;;2014;3;True;0;0;0;0;0;0;0.000;0.000
28515904;5434525;10.1186/s13756-017-0206-z;206;Antimicrobial Resistance and Infection Control;;;;8;False;True;Weekly screening supports terminating nosocomial transmissions of vancomycin-resistant enterococci on an oncologic ward – a retrospective analysis;23;22;True;True;True;Data generated during infection control management are not publicly available but are available from the corresponding author on reasonable request.;2017;5;True;0;0;0;0;0;0;0.000;0.000
28494005;5426767;10.1371/journal.pone.0177430;PONE-D-16-48483;PLoS ONE;General;General Science & Technology;General Science & Technology;2;True;False;Relationship between regulatory pattern of gene expression level and gene function;38;32;True;True;True;All relevant data are within the paper and its Supporting Information files.;2017;5;True;0;0;0;0;0;0;0.000;0.000
26024922;4448208;10.1186/s12889-015-1846-7;1846;BMC Public Health;Health Sciences;Public Health & Health Services;Public Health;5;False;True;Online gambling’s moderators: how effective? Study protocol for a randomized controlled trial;21;12;False;True;True;;2015;5;True;0;0;0;0;0;0;0.000;0.000
25880733;4407781;10.1186/s12887-015-0359-y;359;BMC Pediatrics;Health Sciences;Clinical Medicine;Pediatrics;11;False;True;High variability in the dosing of commonly used antibiotics revealed by a Europe-wide point prevalence study: implications for research and dissemination;45;36;False;True;False;;2015;4;True;0;0;0;0;0;0;0.000;0.000
26434780;4592848;10.7448/IAS.18.1.20217;20217;Journal of the International AIDS Society;;;;4;False;True;Economic and epidemiological impact of early antiretroviral therapy initiation in India;55;37;False;True;True;;2015;7;True;0;0;0;0;0;0;0.000;0.000
26051558;4483227;10.1186/s12939-015-0182-y;182;International Journal for Equity in Health;Health Sciences;Public Health & Health Services;Public Health;5;False;True;Mortality, material deprivation and urbanization: exploring the social patterns of a metropolitan area;62;53;False;True;True;;2015;6;True;0;0;0;0;0;0;0.000;0.000
19480648;2694780;10.1186/1471-244X-9-27;1471-244X-9-27;BMC Psychiatry;Health Sciences;Clinical Medicine;Psychiatry;5;False;True;"Differences between homicide and filicide offenders; results of a nationwide register-based case-control study";40;31;False;False;False;;2009;5;True;0;0;0;0;0;0;0.000;0.000
26910775;4765891;10.1371/journal.pone.0148563;PONE-D-15-16527;PLoS ONE;General;General Science & Technology;General Science & Technology;4;True;False;Heavy Smoking Is More Strongly Associated with General Unhealthy Lifestyle than Obesity and Underweight;49;24;True;True;True;Individual data of the Swiss Health Survey are property of the Swiss Federal Statistical Office (SFSO) and may only be made available by SFSO. Requests for access have to be submitted to Mr. Marco D'Angelo (head of division, MarcoDAngelo@bfs.admin.ch). For information contact sgb12@bfs.admin.ch.;2016;2;True;0;0;0;0;0;0;0.000;0.000
;3067031;10.1186/cc9777;cc9777;Critical Care;Health Sciences;Clinical Medicine;Emergency & Critical Care Medicine;3;False;True;Change in hypnotic sedative choice over time as a surrogate marker of improved performance;2;0;False;False;False;;2011;3;True;0;0;0;0;0;0;0.000;0.000
26859144;4747524;10.1371/journal.pone.0148962;PONE-D-14-57792;PLoS ONE;General;General Science & Technology;General Science & Technology;6;True;False;Voltage-Induced Ca2+ Release in Postganglionic Sympathetic Neurons in Adult Mice;34;33;True;True;True;All relevant data are within the paper and its Supporting Information files.;2016;2;True;0;0;0;0;0;0;0.000;0.000
26352260;4564226;10.1371/journal.pcbi.1004497;PCOMPBIOL-D-15-00516;PLoS Computational Biology;Applied Sciences;Enabling & Strategic Technologies;Bioinformatics;7;True;False;A Gene Gravity Model for the Evolution of Cancer Genomes: A Study of 3,000 Cancer Genomes across 9 Cancer Types;73;71;True;True;True;All relevant data are within the paper and its Supporting Information files.;2015;9;True;0;0;0;0;0;0;0.000;0.000
;4471126;10.1186/cc14333;cc14333;Critical Care;Health Sciences;Clinical Medicine;Emergency & Critical Care Medicine;4;False;True;Initial pH and mortality in patients with exacerbations of COPD and pneumonia treated with NIV in a teaching hospital critical care unit;3;1;False;False;False;;2015;3;True;0;0;0;0;0;0;0.000;0.000
27631978;5025070;10.1371/journal.pone.0162392;PONE-D-16-06510;PLoS ONE;General;General Science & Technology;General Science & Technology;8;True;False;Analysis of Polymorphic Membrane Protein Expression in Cultured Cells Identifies PmpA and PmpH of Chlamydia psittaci as Candidate Factors in Pathogenesis and Immunity to Infection;66;61;True;True;True;All relevant data are within the paper and its Supporting Information files.;2016;7;True;0;0;0;0;0;0;0.000;0.000
26431253;4591988;10.1371/journal.pntd.0004087;PNTD-D-15-00525;PLoS Neglected Tropical Diseases;Health Sciences;Clinical Medicine;Tropical Medicine;16;True;False;Use of Pentamidine As Secondary Prophylaxis to Prevent Visceral Leishmaniasis Relapse in HIV Infected Patients, the First Twelve Months of a Prospective Cohort Study;26;21;True;True;True;All relevant data are within the paper and its Supporting Information files.;2015;10;True;0;0;0;0;0;0;0.000;0.000
23186030;3519522;10.1186/1475-2875-11-394;1475-2875-11-394;Malaria Journal;Health Sciences;Clinical Medicine;Tropical Medicine;6;False;True;Community perceptions of malaria and vaccines in two districts of Mozambique;25;11;False;False;False;;2012;7;True;0;0;0;0;0;0;0.000;0.000
27732614;5061396;10.1371/journal.pone.0163544;PONE-D-15-44880;PLoS ONE;General;General Science & Technology;General Science & Technology;7;True;False;Predicting Subnational Ebola Virus Disease Epidemic Dynamics from Sociodemographic Indicators;54;27;True;True;True;Data are from four sources. Data from three of these sources are within the paper and its Supporting Information files. Data from the Demographic and Health Surveys is publicly available with registration from http://www.dhsprogram.com/.;2016;7;True;0;0;0;0;0;0;0.000;0.000
24059531;4016503;10.1186/1750-1172-8-148;1750-1172-8-148;Orphanet Journal of Rare Diseases;Health Sciences;Biomedical Research;Genetics & Heredity;14;False;True;Long-term neurological outcome of a cohort of 80 patients with classical organic acidurias;22;21;False;True;False;;2013;7;True;0;0;0;0;0;0;0.000;0.000
27829415;5103488;10.1186/s12917-016-0796-3;796;BMC Veterinary Research;Applied Sciences;Agriculture, Fisheries & Forestry;Veterinary Sciences;7;False;True;In vitro susceptibility of four antimicrobials against Riemerella anatipestifer isolates: a comparison of minimum inhibitory concentrations and mutant prevention concentrations for ceftiofur, cefquinome, florfenicol, and tilmicosin;50;46;True;True;True;All the data supporting our findings is contained within the manuscript.;2016;7;True;0;0;0;0;0;0;0.000;0.000
26046528;4457877;10.1371/journal.ppat.1004856;PPATHOGENS-D-14-02265;PLoS Pathogens;Health Sciences;Biomedical Research;Virology;16;True;False;An Ultrasensitive Mechanism Regulates Influenza Virus-Induced Inflammation;50;45;True;True;True;All arrays in this study have been deposited on the GEO Expression Omnibus (GSE63786).;2015;6;True;0;0;0;0;0;0;0.000;0.000
17118133;1683561;10.1186/1471-2105-7-S2-S12;1471-2105-7-S2-S12;BMC Bioinformatics;Applied Sciences;Enabling & Strategic Technologies;Bioinformatics;2;False;True;Improving the Performance of SVM-RFE to Select Genes in Microarray Data;17;9;False;False;False;;2006;7;True;0;0;0;0;0;0;0.000;0.000
29293491;5749674;10.1371/journal.pbio.2004218;pbio.2004218;PLoS Biology;Health Sciences;Biomedical Research;Developmental Biology;7;True;False;An atlas of Caenorhabditis elegans chemoreceptor expression;81;73;True;True;True;All data is contained within the paper. Transgenic strains are available via the C.elegans strain repository at the Caenorhabditis Genetics Center (CGC).;2018;1;True;0;0;0;0;0;0;0.000;0.000
25710382;4339552;10.1371/journal.pone.0118474;PONE-D-14-43781;PLoS ONE;General;General Science & Technology;General Science & Technology;2;True;False;The TORC2 Component, Sin1, Controls Migration of Anterior Mesendoderm during Zebrafish Gastrulation;54;53;True;True;True;All relevant data are within the paper and its Supporting Information files.;2015;2;True;0;0;0;0;0;0;0.000;0.000
26585517;4653851;10.1186/s13049-015-0181-4;181;Scandinavian Journal of Trauma, Resuscitation and Emergency Medicine;;;;11;False;True;Prehospital intravenous epinephrine may boost survival of patients with traumatic cardiac arrest: a retrospective cohort study;27;26;False;True;True;;2015;7;True;0;0;0;0;0;0;0.000;0.000
22463705;3340310;10.1186/1471-2288-12-40;1471-2288-12-40;BMC Medical Research Methodology;Health Sciences;Clinical Medicine;General & Internal Medicine;9;False;True;Determination of inflammatory biomarkers in patients with COPD: a comparison of different assays;37;37;False;False;False;;2012;3;True;0;0;0;0;0;0;0.000;0.000
25361683;4226876;10.1186/s12913-014-0485-5;485;BMC Health Services Research;Health Sciences;Public Health & Health Services;Health Policy & Services;3;False;True;Creating advantages through franchising in healthcare: a qualitative, multiple embedded case study on the role of the business format;47;37;False;True;False;;2014;7;True;0;0;0;0;0;0;0.000;0.000
20122244;3009542;10.1186/1471-2105-11-S1-S7;1471-2105-11-S1-S7;BMC Bioinformatics;Applied Sciences;Enabling & Strategic Technologies;Bioinformatics;3;False;True;Molecular dynamics simulation studies and in vitro site directed mutagenesis of avian beta-defensin Apl_AvBD2;21;17;False;False;False;;2010;1;True;0;0;0;0;0;0;0.000;0.000
25333962;4205034;10.1371/journal.pone.0111230;PONE-D-14-18441;PLoS ONE;General;General Science & Technology;General Science & Technology;10;True;False;Isolation and Characterization of vB_ArS-ArV2 – First Arthrobacter sp. Infecting Bacteriophage with Completely Sequenced Genome;86;66;True;True;True;The authors confirm that all data underlying the findings are fully available without restriction. The complete genome sequence of Arthrobacter bacteriophage ArV2 was deposited in the EMBL nucleotide sequence database under accession number KF692088.;2014;7;True;0;0;0;0;0;0;0.000;0.000
28399130;5388321;10.1371/journal.pcbi.1005476;PCOMPBIOL-D-17-00479;PLoS Computational Biology;Applied Sciences;Enabling & Strategic Technologies;Bioinformatics;3;True;False;Correction: Deciding Not to Decide: Computational and Neural Evidence for Hidden Behavior in Sequential Choice;1;1;False;True;True;;2017;4;True;0;0;0;0;0;0;0.000;0.000
25103881;4137076;10.1186/1471-2105-15-267;6538;BMC Bioinformatics;Applied Sciences;Enabling & Strategic Technologies;Bioinformatics;6;False;True;A phenome-guided drug repositioning through a latent variable model;44;39;False;True;False;;2014;7;True;0;0;0;0;0;0;0.000;0.000
22233776;3293728;10.1186/1472-6955-11-1;1472-6955-11-1;BMC Nursing;Health Sciences;Public Health & Health Services;Nursing;4;False;True;Nurses' preparedness to care for women exposed to Intimate Partner Violence: a quantitative study in primary health care;49;45;False;False;False;;2012;1;True;0;0;0;0;0;0;0.000;0.000
23122424;3496605;10.1186/1476-511X-11-149;1476-511X-11-149;Lipids in Health and Disease;Health Sciences;Biomedical Research;Nutrition & Dietetics;1;False;True;The “Mevalonate hypothesis”: a cholesterol-independent alternative for the etiology of atherosclerosis;58;53;False;False;False;;2012;7;True;0;0;0;0;0;0;0.000;0.000
14960173;2410241;10.1186/1476-5926-2-S1-S21;1476-5926-3-S1-S21;Comparative Hepatology;Health Sciences;Clinical Medicine;Gastroenterology & Hepatology;14;False;True;HMG-COA reductase inhibitor modulates collagen GEL-contraction by hepatic myofibroblast-like stellate cell line: involvement of geranylgeranylated proteins;7;7;False;False;False;;2004;1;True;0;0;0;0;0;0;0.000;0.000
28045935;5207427;10.1371/journal.pone.0168445;PONE-D-16-03894;PLoS ONE;General;General Science & Technology;General Science & Technology;9;True;False;The Contribution of Individual, Social and Work Characteristics to Employee Mental Health in a Coal Mining Industry Population;62;38;True;True;True;For researchers who meet the criteria for access to confidential data, the data are available through the University of Newcastle Human research ethics committee giving the reference number (Approval Number H-2013-0135). Requests for data access may be sent to human-ethics@newcastle.edu.au.;2017;1;True;0;0;0;0;0;0;0.000;0.000
25288227;4190592;10.1186/1752-1947-8-328;1752-1947-8-328;Journal of Medical Case Reports;Health Sciences;Clinical Medicine;General & Internal Medicine;7;False;True;Fish odor syndrome (trimethylaminuria) supporting the possible FMO3 down expression in childhood: a case report;19;17;False;False;False;;2014;7;True;0;0;0;0;0;0;0.000;0.000
26444416;4596562;10.1186/s13071-015-1125-6;1125;Parasites & Vectors;Health Sciences;Biomedical Research;Mycology & Parasitology;4;False;True;The role of domestic animals in the epidemiology of human african trypanosomiasis in Ngorongoro conservation area, Tanzania;32;20;False;True;True;;2015;7;True;0;0;0;0;0;0;0.000;0.000
23987137;3844360;10.1186/1471-2458-13-790;1471-2458-13-790;BMC Public Health;Health Sciences;Public Health & Health Services;Public Health;5;False;True;E-health: potential benefits and challenges in providing and accessing sexual health services;56;40;False;True;False;;2013;7;True;0;0;0;0;0;0;0.000;0.000
11916458;102320;10.1186/1471-2334-2-4;1471-2334-2-4;BMC Infectious Diseases;Health Sciences;Biomedical Research;Microbiology;3;False;True;Preventing infection from reusable medical equipment: a systematic review;30;25;False;False;False;;2002;3;True;0;0;0;0;0;0;0.000;0.000
29151847;5678808;10.1186/s13017-017-0159-9;159;World Journal of Emergency Surgery : WJES;Health Sciences;Clinical Medicine;Surgery;6;False;True;Pediatric Traumatic Brain Injury: a 5-year descriptive study from the National Trauma Center in Qatar;29;20;True;True;True;"Anonymous data will be available after getting permission according to the medical research center (MRC) policy at HMC, Qatar; research@hamad.qa.";2017;7;True;0;0;0;0;0;0;0.000;0.000
25881159;4464998;10.1186/s13014-015-0401-0;401;Radiation Oncology (London, England);Health Sciences;Clinical Medicine;Oncology & Carcinogenesis;8;False;True;A retrospective study of the prognostic value of MRI-derived residual tumors at the end of intensity-modulated radiotherapy in 358 patients with locally-advanced nasopharyngeal carcinoma;32;29;False;False;False;;2015;4;True;0;0;0;0;0;0;0.000;0.000
21272343;3092144;10.1186/scrt45;scrt45;Stem Cell Research & Therapy;;;;4;False;True;Fetal derived embryonic-like stem cells improve healing in a large animal flexor tendonitis model;54;54;False;False;False;;2011;1;True;0;0;0;0;0;0;0.000;0.000
22928872;3469357;10.1186/1471-2369-13-90;1471-2369-13-90;BMC Nephrology;Health Sciences;Clinical Medicine;Urology & Nephrology;5;False;True;Effects of exercise on kidney function among non-diabetic patients with hypertension and renal disease: randomized controlled trial;26;19;False;False;False;;2012;7;True;0;0;0;0;0;0;0.000;0.000
18414655;2279161;10.1371/journal.pone.0001946;07-PONE-RA-02940R1;PLoS ONE;General;General Science & Technology;General Science & Technology;2;True;False;Optimal Foraging Predicts the Ecology but Not the Evolution of Host Specialization in Bacteriophages;45;23;False;False;False;;2008;4;True;0;0;0;0;0;0;0.000;0.000
21143785;2999348;10.1186/1471-2164-11-S3-S3;1471-2164-11-S3-S3;BMC Genomics;Applied Sciences;Enabling & Strategic Technologies;Bioinformatics;5;False;True;Discrete diffusion models to study the effects of Mg2+ concentration on the PhoPQ signal transduction system;58;16;False;False;False;;2010;7;True;0;0;0;0;0;0;0.000;0.000
24260367;3833956;10.1371/journal.pone.0080316;PONE-D-13-35751;PLoS ONE;General;General Science & Technology;General Science & Technology;5;True;False;TNFα Altered Inflammatory Responses, Impaired Health and Productivity, but Did Not Affect Glucose or Lipid Metabolism in Early-Lactation Dairy Cows;44;38;False;False;False;;2013;7;True;0;0;0;0;0;0;0.000;0.000
25815887;4376531;10.1371/journal.pone.0122037;PONE-D-14-30477;PLoS ONE;General;General Science & Technology;General Science & Technology;10;True;False;Comparison of Diagnostic Accuracy of Microscopy and Flow Cytometry in Evaluating N-Methyl-D-Aspartate Receptor Antibodies in Serum Using a Live Cell-Based Assay;31;30;True;True;True;All relevant data are within the paper and its Supporting Information files with the exception of identifiable data of patients.;2015;3;True;0;0;0;0;0;0;0.000;0.000
22168756;3261811;10.1186/1550-2783-8-23;1550-2783-8-23;Journal of the International Society of Sports Nutrition;Health Sciences;Clinical Medicine;Sport Sciences;5;False;True;Potential therapeutic effects of branched-chain amino acids supplementation on resistance exercise-based muscle damage in humans;33;32;False;False;False;;2011;7;True;0;0;0;0;0;0;0.000;0.000
25089197;4118317;10.1186/2049-3258-72-21;2049-3258-72-21;Archives of Public Health;Health Sciences;Public Health & Health Services;Public Health;3;False;True;An innovative approach to using both cellphones and the radio to identify young people’s sexual concerns in Kinshasa, Democratic Republic of Congo;30;1;False;False;False;;2014;6;True;0;0;0;0;0;0;0.000;0.000
;4210692;10.1186/1753-6561-8-S4-P167;1753-6561-8-S4-P167;BMC Proceedings;;;;8;False;True;Culture optimization ofEscherichia coli for expression ofgE proteinfrombovine herpesvirus 1 and 5;4;3;False;True;False;;2014;7;True;0;0;0;0;0;0;0.000;0.000
29040298;5645112;10.1371/journal.pone.0186369;PONE-D-16-32411;PLoS ONE;General;General Science & Technology;General Science & Technology;4;True;False;Relative mobility of the pelvis and spine during trunk axial rotation in chronic low back pain patients: A case-control study;30;29;True;True;True;Due to the data protection policy of Kyoto University and due to the consent provided by participants of the study, data of the current study are not available in the paper, its supporting information files, or in a public repository. In order to request the data, readers can contact the corresponding author, Masashi Taniguchi, or the Ethics Committee of Kyoto University (ethcom@kuhp.kyoto-u.ac.jp).;2017;7;True;0;0;0;0;0;0;0.000;0.000
26114758;4483167;10.1371/journal.pone.0130962;PONE-D-14-42384;PLoS ONE;General;General Science & Technology;General Science & Technology;7;True;False;Streptococcus oligofermentans Inhibits Streptococcus mutans in Biofilms at Both Neutral pH and Cariogenic Conditions;23;22;True;True;True;All relevant data are within the paper and its Supporting Information files.;2015;6;True;0;0;0;0;0;0;0.000;0.000
16149850;1201306;10.1371/journal.pbio.0030322;;PLoS Biology;Health Sciences;Biomedical Research;Developmental Biology;1;True;False;Science Star over Asia;11;10;False;False;False;;2005;9;True;0;0;0;0;0;0;0.000;0.000
22894178;3436774;10.1186/1756-3305-5-174;1756-3305-5-174;Parasites & Vectors;Health Sciences;Biomedical Research;Mycology & Parasitology;6;False;True;Molecular characterisation of Galba truncatula, Lymnaea neotropica and L. schirazensis from Cajamarca, Peru and their potential role in transmission of human and animal fascioliasis;87;50;False;False;False;;2012;7;True;0;0;0;0;0;0;0.000;0.000
21658254;3218947;10.1186/bcr2895;bcr2895;Breast Cancer Research : BCR;Health Sciences;Clinical Medicine;Oncology & Carcinogenesis;11;False;True;Chondroitin sulfates play a major role in breast cancer metastasis: a role for CSPG4 and CHST11 gene expression in forming surface P-selectin ligands in aggressive breast cancer cells;62;61;False;False;False;;2011;6;True;0;0;0;0;0;0;0.000;0.000
28472976;5418866;10.1186/s13048-017-0326-3;326;Journal of Ovarian Research;;;;10;False;True;The effect of dehydroepiandrosterone supplementation on ovarian response is associated with androgen receptor in diminished ovarian reserve women;42;40;True;True;True;All the data is contained in the manuscript.;2017;5;True;0;0;0;0;0;0;0.000;0.000
25927821;4424570;10.1186/s12885-015-1328-4;1328;BMC Cancer;Health Sciences;Clinical Medicine;Oncology & Carcinogenesis;8;False;True;Determinants of gastric cancer screening attendance in Korea: a multi-level analysis;25;24;False;True;False;;2015;5;True;0;0;0;0;0;0;0.000;0.000
25296244;4190072;10.1371/journal.pone.0109388;PONE-D-14-25719;PLoS ONE;General;General Science & Technology;General Science & Technology;5;True;False;A Fractal Nature for Polymerized Laminin;39;31;True;True;True;The authors confirm that all data underlying the findings are fully available without restriction. All relevant data are within the paper and its Supporting Information files.;2014;7;True;0;0;0;0;0;0;0.000;0.000
26808299;4725950;10.1371/journal.pone.0147933;PONE-D-15-38846;PLoS ONE;General;General Science & Technology;General Science & Technology;4;True;False;Characteristics of Patients with Smear-Negative Pulmonary Tuberculosis (TB) in a Region with High TB and HIV Prevalence;39;34;True;True;True;All files are available from the Dryad database (accession number:10.5061/dryad.fh8hs).;2016;1;True;0;0;0;0;0;0;0.000;0.000
25955308;4425667;10.1371/journal.pone.0122620;PONE-D-14-41397;PLoS ONE;General;General Science & Technology;General Science & Technology;5;True;False;Effect on Electron Structure and Magneto-Optic Property of Heavy W-Doped Anatase TiO2;29;4;True;True;True;All relevant data are within the paper.;2015;5;True;0;0;0;0;0;0;0.000;0.000
20398403;2862027;10.1186/1476-511X-9-39;1476-511X-9-39;Lipids in Health and Disease;Health Sciences;Biomedical Research;Nutrition & Dietetics;8;False;True;Docosahexaenoic acid has influence on action potentials and transient outward potassium currents of ventricular myocytes;32;29;False;False;False;;2010;4;True;0;0;0;0;0;0;0.000;0.000
20109238;2823722;10.1186/1471-2180-10-28;1471-2180-10-28;BMC Microbiology;Health Sciences;Biomedical Research;Microbiology;4;False;True;Identification of tomato plant as a novel host model for Burkholderia pseudomallei;33;31;False;False;False;;2010;1;True;0;0;0;0;0;0;0.000;0.000
29424835;5787300;10.1186/s40608-018-0181-9;181;BMC obesity;;;;6;False;True;Correction to: A cluster randomized controlled trial for child and parent weight management: children and parents randomized to the intervention group have correlated changes in adiposity;1;1;False;True;True;;2018;1;True;0;0;0;0;0;0;0.000;0.000
21092259;3091772;10.1186/1471-2164-11-652;1471-2164-11-652;BMC Genomics;Applied Sciences;Enabling & Strategic Technologies;Bioinformatics;8;False;True;Independent evolution of the core and accessory gene sets in the genus Neisseria: insights gained from the genome of Neisseria lactamica isolate 020-06;90;88;False;False;False;;2010;7;True;0;0;0;0;0;0;0.000;0.000
28234990;5325583;10.1371/journal.pone.0172860;PONE-D-16-24587;PLoS ONE;General;General Science & Technology;General Science & Technology;6;True;False;Knowledge and utilization of the partograph: A cross-sectional survey among obstetric care providers in urban referral public health institutions in northwest and southwest Cameroon;25;10;True;True;True;All relevant data are within the paper and its Supporting Information files.;2017;2;True;0;0;0;0;0;0;0.000;0.000
23786662;3699381;10.1186/1471-2350-14-62;1471-2350-14-62;BMC Medical Genetics;Health Sciences;Biomedical Research;Genetics & Heredity;7;False;True;Systematic identification of DNA variants associated with ultraviolet radiation using a novel Geographic-Wide Association Study (GeoWAS);23;16;False;True;False;;2013;6;True;0;0;0;0;0;0;0.000;0.000
18522728;2481499;10.1186/bcr2103;bcr2103;Breast Cancer Research : BCR;Health Sciences;Clinical Medicine;Oncology & Carcinogenesis;7;False;True;Expression of the epidermal growth factor receptor (EGFR) and the phosphorylated EGFR in invasive breast carcinomas;37;35;False;False;False;;2008;6;True;0;0;0;0;0;0;0.000;0.000
19077257;2615440;10.1186/1472-6963-8-255;1472-6963-8-255;BMC Health Services Research;Health Sciences;Public Health & Health Services;Health Policy & Services;3;False;True;Quality and availability of consumer information on heart failure in Australia;20;18;False;False;False;;2008;7;True;0;0;0;0;0;0;0.000;0.000
25003997;4086977;10.1371/journal.pone.0101876;PONE-D-13-43865;PLoS ONE;General;General Science & Technology;General Science & Technology;1;True;False;Leaf Dry Matter Content Predicts Herbivore Productivity, but Its Functional Diversity Is Positively Related to Resilience in Grasslands;45;11;False;True;True;;2014;7;True;0;0;0;0;0;0;0.000;0.000
28414775;5393878;10.1371/journal.pone.0175962;PONE-D-16-42521;PLoS ONE;General;General Science & Technology;General Science & Technology;9;True;False;Xp11.22 deletions encompassing CENPVL1, CENPVL2, MAGED1 and GSPT2 as a cause of syndromic X-linked intellectual disability;58;58;True;True;True;All relevant data are within the paper and its Supporting Information files.;2017;4;True;0;0;0;0;0;0;0.000;0.000
16571130;1450304;10.1186/1471-2105-7-177;1471-2105-7-177;BMC Bioinformatics;Applied Sciences;Enabling & Strategic Technologies;Bioinformatics;5;False;True;Identifying metabolic enzymes with multiple types of association evidence;63;53;False;False;False;;2006;3;True;0;0;0;0;0;0;0.000;0.000
29084530;5663083;10.1186/s12894-017-0289-0;289;BMC Urology;Health Sciences;Clinical Medicine;Urology & Nephrology;5;False;True;Role of calcifying nanoparticles in the development of testicular microlithiasis in vivo;15;13;True;True;True;All datasets on which the conclusions of the manuscript rely are available from the corresponding author on reasonable request.;2017;7;True;0;0;0;0;0;0;0.000;0.000
26945746;4779564;10.1186/s12879-016-1422-5;1422;BMC Infectious Diseases;Health Sciences;Biomedical Research;Microbiology;20;False;True;HealthMap: a cluster randomised trial of interactive health plans and self-management support to prevent coronary heart disease in people with HIV;62;56;False;True;True;;2016;3;True;0;0;0;0;0;0;0.000;0.000
24386223;3873945;10.1371/journal.pone.0083534;PONE-D-13-29434;PLoS ONE;General;General Science & Technology;General Science & Technology;10;True;False;Prediction of Hand Trajectory from Electrocorticography Signals in Primary Motor Cortex;45;38;False;False;False;;2013;7;True;0;0;0;0;0;0;0.000;0.000
21992707;3207885;10.1186/1477-7517-8-27;1477-7517-8-27;Harm Reduction Journal;Health Sciences;Public Health & Health Services;Substance Abuse;6;False;True;The acceptability of nicotine containing products as alternatives to cigarettes: findings from two pilot studies;9;9;False;False;False;;2011;7;True;0;0;0;0;0;0;0.000;0.000
28837696;5587335;10.1371/journal.ppat.1006592;PPATHOGENS-D-17-00951;PLoS Pathogens;Health Sciences;Biomedical Research;Virology;8;True;False;The macrophage cytoskeleton acts as a contact sensor upon interaction with Entamoeba histolytica to trigger IL-1β secretion;61;55;True;True;True;All relevant data are within the paper and its Supporting Information files.;2017;8;True;0;0;0;0;0;0;0.000;0.000
26109198;4479071;10.1186/s13019-015-0290-1;290;Journal of Cardiothoracic Surgery;Health Sciences;Clinical Medicine;Respiratory System;7;False;True;Right intra lobar pulmonary sequestration with feeding artery arising from abdominal aorta: a case report;8;5;False;True;True;;2015;6;True;0;0;0;0;0;0;0.000;0.000
27655080;5031353;10.1186/s12873-016-0103-4;103;BMC Emergency Medicine;Health Sciences;Clinical Medicine;Emergency & Critical Care Medicine;5;False;True;Outcomes associated with observation versus short-stay admission among chest pain patients in the Veterans Health Administration;9;7;True;True;True;Data will not be shared. The data used in this study contain protected health information, and their access requires appropriate authorization from the U.S. Department of Veterans Affairs.;2016;7;True;0;0;0;0;0;0;0.000;0.000
24763754;3999150;10.1371/journal.pone.0095932;PONE-D-13-48276;PLoS ONE;General;General Science & Technology;General Science & Technology;4;True;False;Skeletal Muscle Characterization of Japanese Quail Line Selectively Bred for Lower Body Weight as an Avian Model of Delayed Muscle Growth with Hypoplasia;57;40;False;True;True;;2014;4;True;0;0;0;0;0;0;0.000;0.000
19096523;2599887;10.1371/journal.pone.0003983;08-PONE-RA-05853R1;PLoS ONE;General;General Science & Technology;General Science & Technology;5;True;False;Statistical Significance of Precisely Repeated Intracellular Synaptic Patterns;27;24;False;False;False;;2008;7;True;0;0;0;0;0;0;0.000;0.000
28810830;5558714;10.1186/s12862-017-1036-6;1036;BMC Evolutionary Biology;Natural Sciences;Biology;Evolutionary Biology;7;False;True;Annotating long intergenic non-coding RNAs under artificial selection during chicken domestication;101;88;True;True;True;The 48 chicken projects encompassing 715 RNA-seq data were downloaded from NCBI website (http://www.ncbi.nlm.nih.gov/). The 738 genome re-sequencing data and 195 RNA-Seq data in chicken were obtained from unpublished projects within our laboratory. Detailed descriptions of the 2601 genome-wide significant SNPs collected from 20 previous GWAS are presented in Additional file 12. Detailed feature information of the 4754 lincRNA genes is provided in Additional file 17. The information of proximal protein-coding genes of lincRNAs is deposited in Additional file 18.;2017;7;True;0;0;0;0;0;0;0.000;0.000
27793141;5084346;10.1186/s12889-016-3794-2;3794;BMC Public Health;Health Sciences;Public Health & Health Services;Public Health;5;False;True;Improving the well-being of children and youths: a randomized multicomponent, school-based, physical activity intervention;58;47;True;True;True;The datasets collected and/or analyzed during the current study are available from the corresponding authors upon reasonable request.;2016;7;True;0;0;0;0;0;0;0.000;0.000
25948282;4429836;10.1186/s12920-015-0092-2;92;BMC Medical Genomics;Health Sciences;Biomedical Research;Genetics & Heredity;7;False;True;New recurrent BRCA1/2 mutations in Polish patients with familial breast/ovarian cancer detected by next generation sequencing;55;54;False;True;True;;2015;5;True;0;0;0;0;0;0;0.000;0.000
25714432;4340961;10.1371/journal.pone.0118455;PONE-D-14-28638;PLoS ONE;General;General Science & Technology;General Science & Technology;2;True;False;Environmental Gradients Explain Species Richness and Community Composition of Coastal Breeding Birds in the Baltic Sea;53;19;True;True;True;The authors confirm that all data underlying the findings are fully available without restriction. All relevant data are within S1 Datafile.;2015;2;True;0;0;0;0;0;0;0.000;0.000
;4474649;10.1186/2047-2994-4-S1-I2;2047-2994-4-S1-I2;Antimicrobial Resistance and Infection Control;;;;3;False;True;Structure-based optimization and discovery of novel 1,3,5-triazine derivatives as bacterial translation inhibitor with favourable metabolic fate;1;1;False;True;True;;2015;6;True;0;0;0;0;0;0;0.000;0.000
26397373;4580577;10.1371/journal.pone.0138666;PONE-D-15-16766;PLoS ONE;General;General Science & Technology;General Science & Technology;3;True;False;Spatiotemporal Characteristics, Determinants and Scenario Analysis of CO2 Emissions in China Using Provincial Panel Data;73;1;True;True;True;All relevant data are within the paper and its Supporting Information files.;2015;7;True;0;0;0;0;0;0;0.000;0.000
18803848;2564952;10.1186/1756-0500-1-86;1756-0500-1-86;BMC Research Notes;Applied Sciences;Enabling & Strategic Technologies;Bioinformatics;4;False;True;Mutation screening of CHD5 in melanoma-prone families linked to 1p36 revealed no deleterious coding or splice site changes;25;23;False;False;False;;2008;7;True;0;0;0;0;0;0;0.000;0.000
28954628;5618722;10.1186/s12864-017-4084-9;4084;BMC Genomics;Applied Sciences;Enabling & Strategic Technologies;Bioinformatics;5;False;True;Transcriptome analysis reveals differences in mechanisms regulating cessation of luteal function in pregnant and non-pregnant dogs;60;56;True;True;True;Please contact authors for data requests.;2017;7;True;0;0;0;0;0;0;0.000;0.000
23082967;3508949;10.1186/1472-6963-12-363;1472-6963-12-363;BMC Health Services Research;Health Sciences;Public Health & Health Services;Health Policy & Services;3;False;True;Assessing effectiveness of a community based health insurance in rural Burkina Faso;24;20;False;False;False;;2012;7;True;0;0;0;0;0;0;0.000;0.000
27563281;4997666;10.1186/s12912-016-0171-5;171;BMC Nursing;Health Sciences;Public Health & Health Services;Nursing;4;False;True;Ambiguous participation in older hospitalized patients: gaining influence through active and passive approaches-a qualitative study;43;30;True;True;True;The dataset analysed during the current study are available from the corresponding author on reasonable request.;2016;7;True;0;0;0;0;0;0;0.000;0.000
;3240239;10.1186/1471-2202-12-S1-P144;1471-2202-12-S1-P144;BMC Neuroscience;Health Sciences;Clinical Medicine;Neurology & Neurosurgery;4;False;True;Correlation transmission of spiking neurons is boosted by synchronous input;8;7;False;False;False;;2011;7;True;0;0;0;0;0;0;0.000;0.000
18612412;2440506;10.1371/journal.pone.0002584;08-PONE-RA-04182R1;PLoS ONE;General;General Science & Technology;General Science & Technology;5;True;False;The Pleiotropic Effects of Simvastatin on Retinal Microvascular Endothelium Has Important Implications for Ischaemic Retinopathies;46;45;False;False;False;;2008;7;True;0;0;0;0;0;0;0.000;0.000
27846866;5109638;10.1186/s13071-016-1874-x;1874;Parasites & Vectors;Health Sciences;Biomedical Research;Mycology & Parasitology;8;False;True;Erratum to: First meeting “Cystic echinococcosis in Chile, update in alternatives for control and diagnostics in animals and humans”;1;1;False;True;True;;2016;7;True;0;0;0;0;0;0;0.000;0.000
21708030;3141759;10.1186/1471-2261-11-37;1471-2261-11-37;BMC Cardiovascular Disorders;Health Sciences;Clinical Medicine;Cardiovascular System & Hematology;6;False;True;Renal function at the time of a myocardial infarction maintains prognostic value for more than 10 years;46;42;False;False;False;;2011;6;True;0;0;0;0;0;0;0.000;0.000
22846342;3490821;10.1186/1476-0711-11-22;1476-0711-11-22;Annals of Clinical Microbiology and Antimicrobials;Health Sciences;Biomedical Research;Microbiology;7;False;True;Antibacterial activity of plasma from crocodile (Crocodylus siamensis) against pathogenic bacteria;25;22;False;True;False;;2012;7;True;0;0;0;0;0;0;0.000;0.000
22004344;3229467;10.1186/1471-2474-12-238;1471-2474-12-238;BMC Musculoskeletal Disorders;Health Sciences;Clinical Medicine;Orthopedics;12;False;True;Amsterdam wrist rules: A clinical decision aid;9;8;False;False;False;;2011;7;True;0;0;0;0;0;0;0.000;0.000
21861881;3171731;10.1186/1471-2105-12-352;1471-2105-12-352;BMC Bioinformatics;Applied Sciences;Enabling & Strategic Technologies;Bioinformatics;3;False;True;Improving the prediction of protein binding sites by combining heterogeneous data and Voronoi diagrams;38;33;False;False;False;;2011;7;True;0;0;0;0;0;0;0.000;0.000
24747725;3991641;10.1371/journal.pone.0094556;PONE-D-13-40140;PLoS ONE;General;General Science & Technology;General Science & Technology;5;True;False;Proliferation Potential of Müller Glia after Retinal Damage Varies between Mouse Strains;88;88;False;True;True;;2014;4;True;0;0;0;0;0;0;0.000;0.000
16584575;1489940;10.1186/1475-2875-5-29;1475-2875-5-29;Malaria Journal;Health Sciences;Clinical Medicine;Tropical Medicine;6;False;True;Rapid Urban Malaria Appraisal (RUMA) III: epidemiology of urban malaria in the municipality of Yopougon (Abidjan);22;9;False;False;False;;2006;4;True;0;0;0;0;0;0;0.000;0.000
26684747;4684601;10.1186/s12889-015-2603-7;2603;BMC Public Health;Health Sciences;Public Health & Health Services;Public Health;7;False;True;Design and respondent selection of a population-based study on associations between breast cancer screening, lifestyle and quality of life;32;25;False;True;True;;2015;7;True;0;0;0;0;0;0;0.000;0.000
23244394;3541113;10.1186/1824-7288-38-72;1824-7288-38-72;Italian Journal of Pediatrics;;;;5;False;True;Should a hospitalized child receive empiric treatment with acyclovir?;21;20;False;False;False;;2012;7;True;0;0;0;0;0;0;0.000;0.000
20652018;2907292;10.1371/journal.pbio.1000432;10-PLBI-RA-5842R2;PLoS Biology;Health Sciences;Biomedical Research;Developmental Biology;5;True;False;Multiple Molecular Mechanisms Cause Reproductive Isolation between Three Yeast Species;71;61;False;False;False;;2010;7;True;0;0;0;0;0;0;0.000;0.000
26237402;4523213;10.1371/journal.pone.0134711;PONE-D-15-14388;PLoS ONE;General;General Science & Technology;General Science & Technology;6;True;False;Serious Adverse Events in the Canadian Registry of Children Receiving Palivizumab (CARESS) for Respiratory Syncytial Virus Prevention;47;39;True;True;True;Requests by qualified researchers for analysis of the data can be directed to the corresponding author of this paper, where it will be duly considered for approval by the CARESS steering committee.;2015;7;True;0;0;0;0;0;0;0.000;0.000
25015112;4227004;10.1186/cc13988;cc13988;Critical Care;Health Sciences;Clinical Medicine;Emergency & Critical Care Medicine;6;False;True;Comparison of clinical outcome variables in patients with and without etomidate-facilitated anesthesia induction ahead of major cardiac surgery: a retrospective analysis;36;35;False;False;False;;2014;7;True;0;0;0;0;0;0;0.000;0.000
23468625;3585151;10.1371/journal.ppat.1003183;PPATHOGENS-D-12-02132;PLoS Pathogens;Health Sciences;Biomedical Research;Virology;9;True;False;Poxvirus Targeting of E3 Ligase β-TrCP by Molecular Mimicry: A Mechanism to Inhibit NF-κB Activation and Promote Immune Evasion and Virulence;71;69;False;False;False;;2013;2;True;0;0;0;0;0;0;0.000;0.000
28655315;5488356;10.1186/s12879-017-2552-0;2552;BMC Infectious Diseases;Health Sciences;Biomedical Research;Microbiology;9;False;True;Comparison of apoptosis in human primary pulmonary endothelial cells and a brain microvascular endothelial cell line co-cultured with Plasmodium falciparum field isolates;34;30;True;True;True;The datasets supporting the conclusions of this article are available in the Table 1 of the manuscript.;2017;6;True;0;0;0;0;0;0;0.000;0.000
24195705;3827845;10.1186/1471-2377-13-165;1471-2377-13-165;BMC Neurology;Health Sciences;Clinical Medicine;Neurology & Neurosurgery;45;False;True;COSMIC (Cohort Studies of Memory in an International Consortium): An international consortium to identify risk and protective factors and biomarkers of cognitive ageing and dementia in diverse ethnic and sociocultural groups;40;32;False;True;False;;2013;7;True;0;0;0;0;0;0;0.000;0.000
26830203;4736697;10.1186/s13071-016-1338-3;1338;Parasites & Vectors;Health Sciences;Biomedical Research;Mycology & Parasitology;7;False;True;Distribution of Angiostrongylus vasorum and its gastropod intermediate hosts along the rural–urban gradient in two cities in the United Kingdom, using real time PCR;46;34;False;True;True;;2016;2;True;0;0;0;0;0;0;0.000;0.000
27821105;5100335;10.1186/s12904-016-0162-z;162;BMC Palliative Care;Health Sciences;Public Health & Health Services;Gerontology;6;False;True;Interventions and decision-making at the end of life: the effect of establishing the terminal illness situation;42;37;True;True;True;The datasets generated and/or analysed during the current study are not publicly available due individual privacy but are available from the corresponding author on reasonable request.;2016;7;True;0;0;0;0;0;0;0.000;0.000
24742374;4021067;10.1186/1471-2121-15-13;1471-2121-15-13;BMC Cell Biology;Health Sciences;Biomedical Research;Biochemistry & Molecular Biology;3;False;True;RasG signaling is important for optimal folate chemotaxis in Dictyostelium;34;32;False;True;False;;2014;4;True;0;0;0;0;0;0;0.000;0.000
27112344;4845305;10.1186/s12913-016-1406-6;1406;BMC Health Services Research;Health Sciences;Public Health & Health Services;Health Policy & Services;3;False;True;Can a pharmacy intervention improve the metabolic risks of mental health patients? Evaluation of a novel collaborative service;25;14;True;True;True;The raw data are not published in order to protect the identity of participants. Requests for de-identified raw data will be considered by the authors.;2016;4;True;0;0;0;0;0;0;0.000;0.000
24498432;3912164;10.1371/journal.pone.0088135;PONE-D-13-48891;PLoS ONE;General;General Science & Technology;General Science & Technology;10;True;False;Telomere Length in Peripheral Blood Leukocytes Is Associated with Risk of Colorectal Cancer in Chinese Population;49;49;False;False;False;;2014;2;True;0;0;0;0;0;0;0.000;0.000
25184410;4153590;10.1371/journal.pone.0106374;PONE-D-14-15272;PLoS ONE;General;General Science & Technology;General Science & Technology;5;True;False;Herbivore Body Condition Response in Altered Environments: Mule Deer and Habitat Management;37;5;True;True;True;The authors confirm that all data underlying the findings are fully available without restriction. All relevant data are within the Supporting Information files.;2014;7;True;0;0;0;0;0;0;0.000;0.000
26599462;4658007;10.1371/journal.pone.0143556;PONE-D-15-27740;PLoS ONE;General;General Science & Technology;General Science & Technology;3;True;False;Molecular Characterisation and Diagnosis of Root-Knot Nematodes (Meloidogyne spp.) from Turfgrasses in North Carolina, USA;49;10;True;True;True;DNA sequences are available from GenBank, and accession numbers are within the paper. All other data are within the paper.;2015;7;True;0;0;0;0;0;0;0.000;0.000
28405461;5382497;10.1186/s40813-016-0048-8;48;Porcine Health Management;;;;6;False;True;Feed additives decrease survival of delta coronavirus in nursery pig diets;23;16;True;True;True;Please contact author for data requests.;2017;1;True;0;0;0;0;0;0;0.000;0.000
26147392;4493132;10.1371/journal.pone.0132473;PONE-D-15-06010;PLoS ONE;General;General Science & Technology;General Science & Technology;4;True;False;Weight Watching and the Effect of Landscape on Honeybee Colony Productivity: Investigating the Value of Colony Weight Monitoring for the Beekeeping Industry;43;20;True;True;True;Raw data are available from the danish bee association at http://www.biavl.dk/ under the 'Honningmeter' label. Or www.mybees.buzz and www.stadev%c3%a6gt.dk/;2015;7;True;0;0;0;0;0;0;0.000;0.000
;4436269;10.1186/1471-2202-8-S2-P8;1471-2202-8-S2-P8;BMC Neuroscience;Health Sciences;Clinical Medicine;Neurology & Neurosurgery;2;False;True;Open source simulation of the pyloric network;3;1;False;False;False;;2007;7;True;0;0;0;0;0;0;0.000;0.000
21167020;3022906;10.1186/1471-2229-10-279;1471-2229-10-279;BMC Plant Biology;Natural Sciences;Biology;Plant Biology & Botany;3;False;True;Characterization of singlet oxygen-accumulating mutants isolated in a screen for altered oxidative stress response in Chlamydomonas reinhardtii;46;45;False;False;False;;2010;7;True;0;0;0;0;0;0;0.000;0.000
23714120;3671204;10.1186/1472-6947-13-61;1472-6947-13-61;BMC Medical Informatics and Decision Making;Applied Sciences;Information & Communication Technologies;Medical Informatics;4;False;True;The usability and preliminary effectiveness of a web-based physical activity intervention in patients with knee and/or hip osteoarthritis;44;31;False;True;False;;2013;5;True;0;0;0;0;0;0;0.000;0.000
28346470;5367787;10.1371/journal.pone.0174069;PONE-D-16-45880;PLoS ONE;General;General Science & Technology;General Science & Technology;4;True;False;Relationship of microbial communities and suppressiveness of Trichoderma fortified composts for pepper seedlings infected by Phytophthora nicotianae;56;30;True;True;True;All sequences files are available from the NCBI database (accession number(s) SAMN 05361899/900/901/902/903/904/905/906).;2017;3;True;0;0;0;0;0;0;0.000;0.000
25079947;4117502;10.1371/journal.pone.0103343;PONE-D-13-29527;PLoS ONE;General;General Science & Technology;General Science & Technology;9;True;False;Comparison of the Rhizosphere Bacterial Communities of Zigongdongdou Soybean and a High-Methionine Transgenic Line of This Cultivar;90;62;False;True;True;;2014;7;True;0;0;0;0;0;0;0.000;0.000
21189144;3019127;10.1186/1471-2091-11-49;1471-2091-11-49;BMC Biochemistry;Health Sciences;Biomedical Research;Biochemistry & Molecular Biology;5;False;True;Glyceraldehyde-3-phosphate dehydrogenase is largely unresponsive to low regulatory levels of hydrogen peroxide in Saccharomyces cerevisiae;56;51;False;False;False;;2010;7;True;0;0;0;0;0;0;0.000;0.000
25768847;4358885;10.1371/journal.pone.0119784;PONE-D-14-28963;PLoS ONE;General;General Science & Technology;General Science & Technology;3;True;False;High-Fat Diet-Induced Adiposity, Adipose Inflammation, Hepatic Steatosis and Hyperinsulinemia in Outbred CD-1 Mice;52;50;True;True;True;All relevant data are within the paper and its Supporting Information files.;2015;3;True;0;0;0;0;0;0;0.000;0.000
26703239;4690411;10.1186/s12879-015-1321-1;1321;BMC Infectious Diseases;Health Sciences;Biomedical Research;Microbiology;8;False;True;Cytomegalovirus infection and disease reduce 10-year cardiac allograft vasculopathy-free survival in heart transplant recipients;32;31;False;True;True;;2015;7;True;0;0;0;0;0;0;0.000;0.000
26527281;4630878;10.1186/s12985-015-0409-y;409;Virology Journal;Health Sciences;Biomedical Research;Virology;6;False;True;A model with combined viral and metabolic factors effectively predicts HBeAg status under long term entecavir therapy: a prospective cohort study;38;36;False;True;True;;2015;7;True;0;0;0;0;0;0;0.000;0.000
20025749;2808302;10.1186/1471-2318-9-58;1471-2318-9-58;BMC Geriatrics;Health Sciences;Clinical Medicine;Geriatrics;5;False;True;Relationship between home care service use and changes in the care needs level of Japanese elderly;42;35;False;False;False;;2009;7;True;0;0;0;0;0;0;0.000;0.000
24836605;4023925;10.1371/journal.pone.0096313;PONE-D-13-50021;PLoS ONE;General;General Science & Technology;General Science & Technology;9;True;False;Lung in Dengue: Computed Tomography Findings;32;29;False;True;True;;2014;5;True;0;0;0;0;0;0;0.000;0.000
27370326;4930586;10.1186/s12917-016-0764-y;764;BMC Veterinary Research;Applied Sciences;Agriculture, Fisheries & Forestry;Veterinary Sciences;6;False;True;Mucopolysaccharidosis VI in cats – clarification regarding genetic testing;43;37;True;True;True;All information supporting the conclusions of this debate article have been included within the article Supplementary File.;2016;7;True;0;0;0;0;0;0;0.000;0.000
16420693;1382251;10.1186/1476-4598-5-4;1476-4598-5-4;Molecular Cancer;Health Sciences;Clinical Medicine;Oncology & Carcinogenesis;2;False;True;The tumor suppressor DAL-1/4.1B and protein methylation cooperate in inducing apoptosis in MCF-7 breast cancer cells;53;53;False;False;False;;2006;1;True;0;0;0;0;0;0;0.000;0.000
23815472;3707768;10.1186/1471-2334-13-301;1471-2334-13-301;BMC Infectious Diseases;Health Sciences;Biomedical Research;Microbiology;10;False;True;Impact of a tenofovir disoproxil fumarate plus ritonavir-boosted protease inhibitor-based regimen on renal function in HIV-infected individuals: a prospective, multicenter study;32;28;False;True;False;;2013;7;True;0;0;0;0;0;0;0.000;0.000
23035666;3519788;10.1186/1471-2458-12-843;1471-2458-12-843;BMC Public Health;Health Sciences;Public Health & Health Services;Public Health;8;False;True;Cluster randomized controlled trial of a peer support program for people with diabetes: study protocol for the Australasian peers for progress study;44;30;False;False;False;;2012;7;True;0;0;0;0;0;0;0.000;0.000
29048532;5737730;10.1093/gigascience/gix091;gix091;GigaScience;;;;3;False;True;Lightning-fast genome variant detection with GROM;50;37;True;True;True;NA12878 raw short-read Illumina platinum WGS data, as well as pedigree-validated SNVs and indels, supporting the results in this study are available from the Database of Genotypes and Phenotypes under accession number phs001224.v1.p1 [41]. HX1 raw short-read Illumina WGS data supporting the results in this study are available from the National Center for Biotechnology Information (NCBI) Sequence Read Archive (SRA), study PRJNA301527 [42]. DGV-GS-validated SVs supporting the results in this study are available from the Database of Genomic Variants website [43]. Mills-GS-validated SVs supporting the results in this study are available as Supplementary Table S5 in the associated paper [27]. GIAB validation data supporting the results in this study are available from NCBI at separate locations for deletions (v. 3.3.1) [44] and insertions [45]. Pendleton PacBio–validated deletions and inversions supporting the results in this study are available as Supplementary Tables S5 and S6, respectively, in the associated paper [29]. Shi PacBio– and Shi IrysChip–validated SVs supporting the results in this study are available from the corresponding author’s website [46]. Human reference genomes hg19 and GRCh38 are available from the Broad Institute [47] and UCSC [48], respectively. Snapshots of the GROM project code are available via the Open Science Framework [49] and the GigaScience database, GigaDB [50].;2017;9;True;0;0;0;0;0;0;0.000;0.000
26762529;4712565;10.1186/s12934-015-0403-5;403;Microbial Cell Factories;Applied Sciences;Enabling & Strategic Technologies;Biotechnology;8;False;True;Downsizing a pullulanase to a small molecule with improved soluble expression and secretion efficiency in Escherichia coli;34;30;False;True;True;;2016;1;True;0;0;0;0;0;0;0.000;0.000
26499852;4619330;10.1186/s12939-015-0234-3;234;International Journal for Equity in Health;Health Sciences;Public Health & Health Services;Public Health;6;False;True;Development and validation of the Australian Aboriginal racial identity and self-esteem survey for 8–12 year old children (IRISE_C);27;11;False;True;True;;2015;7;True;0;0;0;0;0;0;0.000;0.000
21143891;3009972;10.1186/1743-7075-7-87;1743-7075-7-87;Nutrition & Metabolism;Health Sciences;Biomedical Research;Nutrition & Dietetics;4;False;True;Inflammatory modulation of exercise salience: using hormesis to return to a healthy lifestyle;106;106;False;False;False;;2010;7;True;0;0;0;0;0;0;0.000;0.000
25693179;4333296;10.1371/journal.pone.0117376;PONE-D-14-26854;PLoS ONE;General;General Science & Technology;General Science & Technology;5;True;False;Perceived Empathy of Service Providers Mediates the Association between Perceived Discrimination and Behavioral Intention to Take Up HIV Antibody Testing Again among Men Who Have Sex with Men;74;64;True;True;True;Participants were men who have sex with men, and the study questions included sensitive ones, such as sexual risk behaviors. Furthermore, during the consent process, the authors notified participants that their data would only be used for research purposes. For these reasons, data cannot be made publicly available. However, data will be made available to researchers upon request. Requests for the data, including the purpose of the study and the way that data will be used, etc. should be submitted to the Ethics Committee of the Chinese University of Hong Kong for approval. Readers may contact the first author (Jing Gu, gujing5@mail.sysu.edu.cn) or the corresponding author (Joseph Lau, jlau@cuhk.edu.hk) for information related to this study.;2015;2;True;0;0;0;0;0;0;0.000;0.000
23206573;3520811;10.1186/1746-1596-7-169;1746-1596-7-169;Diagnostic Pathology;Health Sciences;Clinical Medicine;Pathology;7;False;True;Sudden death as presenting symptom caused by cardiac primary multicentric left ventricle rhabdomyoma, in an 11-month-old baby. An immunohistochemical study;20;17;False;False;False;;2012;7;True;0;0;0;0;0;0;0.000;0.000
26678148;4683962;10.1186/s12862-015-0566-z;566;BMC Evolutionary Biology;Natural Sciences;Biology;Evolutionary Biology;1;False;True;An embryological perspective on the early arthropod fossil record;95;85;True;True;True;All supporting data are available in the article and in the cited references.;2015;7;True;0;0;0;0;0;0;0.000;0.000
24349568;3862834;10.1371/journal.pone.0084220;PONE-D-13-28023;PLoS ONE;General;General Science & Technology;General Science & Technology;4;True;False;Mannitol Enhances Antibiotic Sensitivity of Persister Bacteria in Pseudomonas aeruginosa Biofilms;51;49;False;False;False;;2013;7;True;0;0;0;0;0;0;0.000;0.000
24098122;3789761;10.1371/journal.ppat.1003666;PPATHOGENS-D-13-00855;PLoS Pathogens;Health Sciences;Biomedical Research;Virology;7;True;False;Ehrlichia chaffeensis Uses Its Surface Protein EtpE to Bind GPI-Anchored Protein DNase X and Trigger Entry into Mammalian Cells;60;59;False;False;False;;2013;10;True;0;0;0;0;0;0;0.000;0.000
28144294;5238613;10.3762/bjoc.12.220;;Beilstein Journal of Organic Chemistry;Natural Sciences;Chemistry;Organic Chemistry;4;False;True;Robust C–C bonded porous networks with chemically designed functionalities for improved CO2 capture from flue gas;28;28;False;True;True;;2016;7;True;0;0;0;0;0;0;0.000;0.000
;3846862;10.1186/1750-1326-8-S1-P21;1750-1326-8-S1-P21;Molecular Neurodegeneration;Health Sciences;Clinical Medicine;Neurology & Neurosurgery;2;False;True;O-GlcNAcylation increases non-amyloidogenic processing of the amyloid-β precursor protein (APP);2;2;False;False;False;;2013;7;True;0;0;0;0;0;0;0.000;0.000
24391725;3876993;10.1371/journal.pone.0082886;PONE-D-13-29037;PLoS ONE;General;General Science & Technology;General Science & Technology;37;True;False;Assessing the Effects of Climate on Host-Parasite Interactions: A Comparative Study of European Birds and Their Parasites;61;22;False;False;False;;2013;7;True;0;0;0;0;0;0;0.000;0.000
24295214;4046688;10.1186/1471-2164-14-845;5565;BMC Genomics;Applied Sciences;Enabling & Strategic Technologies;Bioinformatics;7;False;True;Genome-wide analysis of porcine backfat and intramuscular fat fatty acid composition using high-density genotyping and expression data;46;45;True;True;False;The complete microarray data set is available at Gene Expression Omnibus (GEO) under accession number GSE52626 (http://www.ncbi.nlm.nih.gov/geo/query/acc.cgi?acc=GSE52626);2013;7;True;0;0;0;0;0;0;0.000;0.000
28503359;5419839;10.1371/currents.outbreaks.d67aea257f572201f835772d7f188ba5;;PLoS Currents;;;;9;True;False;Maintaining Maternal and Child Health Services During the Ebola Outbreak: Experience from Pujehun, Sierra Leone;28;0;True;True;True;All data underlying the findings described in the manuscript are fully available without restriction.;2016;6;True;0;0;0;0;0;0;0.000;0.000
26840769;4740490;10.1371/journal.pone.0148326;PONE-D-15-43764;PLoS ONE;General;General Science & Technology;General Science & Technology;5;True;False;Computational Analysis of AMPK-Mediated Neuroprotection Suggests Acute Excitotoxic Bioenergetics and Glucose Dynamics Are Regulated by a Minimal Set of Critical Reactions;71;67;True;True;True;All relevant data are within the paper and its Supporting Information files.;2016;2;True;0;0;0;0;0;0;0.000;0.000
20525188;2896918;10.1186/1743-8977-7-14;1743-8977-7-14;Particle and Fibre Toxicology;Health Sciences;Biomedical Research;Toxicology;9;False;True;Association of cardiac and vascular changes with ambient PM2.5 in diabetic individuals;64;58;False;False;False;;2010;6;True;0;0;0;0;0;0;0.000;0.000
26964044;4786320;10.1371/journal.pone.0151254;PONE-D-15-49708;PLoS ONE;General;General Science & Technology;General Science & Technology;6;True;False;Comparative Proteomic Identification of Mature and Immature Sperm in the Catfish Cranoglanis bouderius;60;55;True;True;True;All relevant data are within the paper and its Supporting Information files.;2016;3;True;0;0;0;0;0;0;0.000;0.000
22913778;3424833;10.1186/2045-4015-1-16;2045-4015-1-16;Israel Journal of Health Policy Research;;;;1;False;True;Giving oocytes to women in need: permitted, forbidden, or pressured? A commentary;4;3;False;False;False;;2012;4;True;0;0;0;0;0;0;0.000;0.000
24611080;3944430;10.3762/bjoc.10.43;;Beilstein Journal of Organic Chemistry;Natural Sciences;Chemistry;Organic Chemistry;4;False;True;A catalyst-free multicomponent domino sequence for the diastereoselective synthesis of (E)-3-[2-arylcarbonyl-3-(arylamino)allyl]chromen-4-ones;62;58;False;False;False;;2014;2;True;0;0;0;0;0;0;0.000;0.000
21838864;3245614;10.1186/gb-2011-12-8-r74;gb-2011-12-8-r74;Genome Biology;;;;5;False;True;Farnesyltransferase inhibitor treatment restores chromosome territory positions and active chromosome dynamics in Hutchinson-Gilford progeria syndrome cells;64;63;False;False;False;;2011;7;True;0;0;0;0;0;0;0.000;0.000
27490119;4973869;10.1371/journal.ppat.1005695;PPATHOGENS-D-16-00851;PLoS Pathogens;Health Sciences;Biomedical Research;Virology;1;True;False;Expanding Host Range and Cross-Species Infection of Hepatitis E Virus;28;26;False;True;True;;2016;8;True;0;0;0;0;0;0;0.000;0.000
26943171;4778919;10.1371/journal.pone.0150702;PONE-D-15-47997;PLoS ONE;General;General Science & Technology;General Science & Technology;2;True;False;Queues with Dropping Functions and General Arrival Processes;56;0;True;True;True;All relevant data are within the paper.;2016;3;True;0;0;0;0;0;0;0.000;0.000
27106691;4840854;10.1186/s12871-016-0189-y;189;BMC Anesthesiology;Health Sciences;Clinical Medicine;Anesthesiology;6;False;True;The median effective concentration (EC50) of propofol with different doses of fentanyl during colonoscopy in elderly patients;21;20;False;True;True;;2016;4;True;0;0;0;0;0;0;0.000;0.000
20028501;2801684;10.1186/1471-2407-9-459;1471-2407-9-459;BMC Cancer;Health Sciences;Clinical Medicine;Oncology & Carcinogenesis;2;False;True;Thrombosis of abdominal aorta during cisplatin-based chemotherapy of testicular seminoma - a case report;15;14;False;False;False;;2009;7;True;0;0;0;0;0;0;0.000;0.000
27253323;4890784;10.1371/journal.ppat.1005640;PPATHOGENS-D-16-00031;PLoS Pathogens;Health Sciences;Biomedical Research;Virology;3;True;False;Small RNA-Based Antiviral Defense in the Phytopathogenic Fungus Colletotrichum higginsianum;114;99;True;True;True;The raw data presented in this article is available on-line. Sequence data is available at Gene Expression Omnibus (GEO), accession number: GSE62708. The complete genome sequence of ChNRV1 is available at GenBank, accession number: KM923925. Remaining primary and intermediate files, including Perl and R scripts, are available through the FigShare FileSet doi: 10.6084/m9.figshare.3124735.;2016;6;True;0;0;0;0;0;0;0.000;0.000
;4489175;10.1186/2050-5736-3-S1-P35;2050-5736-3-S1-P35;Journal of Therapeutic Ultrasound;;;;5;False;True;Acoustic and thermal simulations of tcMRgFUS in patient specific models: validation with experiments;3;1;False;True;True;;2015;6;True;0;0;0;0;0;0;0.000;0.000
21457546;3080328;10.1186/2040-7378-3-3;2040-7378-3-3;Experimental & Translational Stroke Medicine;;;;5;False;True;Report on the 2nd scientific meeting of the Verein zur Förderung des Wissenschaftlichen Nachwuchses in der Neurologie (NEUROWIND e.V.) held in Motzen, Germany, Oct. 29'th - Oct. 31'st, 2010;19;19;False;False;False;;2011;4;True;0;0;0;0;0;0;0.000;0.000
23725348;3689082;10.1186/1477-5751-12-10;1477-5751-12-10;Journal of Negative Results in Biomedicine;Health Sciences;Clinical Medicine;General & Internal Medicine;5;False;True;A phase 3 trial assessing the efficacy and safety of grass allergy immunotherapy tablet in subjects with grass pollen-induced allergic rhinitis with or without conjunctivitis, with or without asthma;14;14;False;False;False;;2013;6;True;0;0;0;0;0;0;0.000;0.000
29028837;5640226;10.1371/journal.pone.0186581;PONE-D-17-30493;PLoS ONE;General;General Science & Technology;General Science & Technology;13;True;False;A pilot study for robot appearance preferences among high-functioning individuals with autism spectrum disorder: Implications for therapeutic use;40;18;True;True;True;All relevant data are within the paper and its Supporting Information files.;2017;7;True;0;0;0;0;0;0;0.000;0.000
24763306;3998960;10.1371/journal.pone.0094112;PONE-D-13-29604;PLoS ONE;General;General Science & Technology;General Science & Technology;5;True;False;Almost All Antipsychotics Result in Weight Gain: A Meta-Analysis;359;343;False;True;True;;2014;4;True;0;0;0;0;0;0;0.000;0.000
26197236;4509758;10.1371/journal.pone.0133390;PONE-D-15-06321;PLoS ONE;General;General Science & Technology;General Science & Technology;6;True;False;Efficacy of Visual Surveys for White-Nose Syndrome at Bat Hibernacula;44;29;True;True;True;All relevant data are available from Dryad Digital Repository (doi:10.5061/dryad.8mm58).;2015;7;True;0;0;0;0;0;0;0.000;0.000
25279840;4184833;10.1371/journal.pone.0109061;PONE-D-14-26892;PLoS ONE;General;General Science & Technology;General Science & Technology;11;True;False;Selective Microbial Genomic DNA Isolation Using Restriction Endonucleases;41;41;True;True;True;The authors confirm that all data underlying the findings are fully available without restriction. The files corresponding to all the raw next generation sequencing reads generated in this study are publicly available at the NCBI Short Read Archive (SRP044748).;2014;7;True;0;0;0;0;0;0;0.000;0.000
24594619;3942430;10.1371/journal.pone.0090282;PONE-D-13-38160;PLoS ONE;General;General Science & Technology;General Science & Technology;5;True;False;Hierarchical Partitioning of Metazoan Protein Conservation Profiles Provides New Functional Insights;39;28;True;True;True;In addition to the tables and files available in the paper and in the supporting information, the two larger xlsx files, containing the complete proteomes of human (1A_Human) and fly)1B_D_Melanogaster), with binary conservation profiles and TOL consistency information for each protein, are publicly available at http://www.cs.tau.ac.il/~bchor/TOL_Plos1/ (the folder contains two xlsx files and one readme file).;2014;3;True;0;0;0;0;0;0;0.000;0.000
;4428639;10.1186/1687-9856-2015-S1-O19;1687-9856-2015-S1-O19;International Journal of Pediatric Endocrinology;;;;2;False;True;Controversies of the assesment and management of polycystic ovary syndrome in adolescents;6;3;False;False;False;;2015;4;True;0;0;0;0;0;0;0.000;0.000
27716773;5055331;10.1371/journal.pone.0163697;PONE-D-16-13046;PLoS ONE;General;General Science & Technology;General Science & Technology;7;True;False;Enhanced Mitogenic Activity of Recombinant Human Vascular Endothelial Growth Factor VEGF121 Expressed in E. coli Origami B (DE3) with Molecular Chaperones;69;67;True;True;True;All relevant data are within the paper and its Supporting Information files.;2016;7;True;0;0;0;0;0;0;0.000;0.000
23209377;3507924;10.1371/journal.pbio.1001432;PBIOLOGY-D-12-02890;PLoS Biology;Health Sciences;Biomedical Research;Developmental Biology;5;True;False;Structural Mechanism of ER Retrieval of MHC Class I by Cowpox;55;52;False;False;False;;2012;11;True;0;0;0;0;0;0;0.000;0.000
22364405;3323360;10.1186/1746-4358-7-2;1746-4358-7-2;International Breastfeeding Journal;Health Sciences;Clinical Medicine;Pediatrics;7;False;True;Community volunteers can improve breastfeeding among children under six months of age in the Democratic Republic of Congo crisis;33;22;False;False;False;;2012;2;True;0;0;0;0;0;0;0.000;0.000
24818983;4018279;10.1371/journal.pone.0097133;PONE-D-13-30828;PLoS ONE;General;General Science & Technology;General Science & Technology;11;True;False;Zebrafish Adar2 Edits the Q/R Site of AMPA Receptor Subunit gria2α Transcript to Ensure Normal Development of Nervous System and Cranial Neural Crest Cells;49;48;False;True;True;;2014;5;True;0;0;0;0;0;0;0.000;0.000
26100352;4474423;10.1186/1471-2164-16-S7-S19;1471-2164-16-S7-S19;BMC Genomics;Applied Sciences;Enabling & Strategic Technologies;Bioinformatics;7;False;True;Co-modulation analysis of gene regulation in breast cancer reveals complex interplay between ESR1 and ERBB2 genes;44;44;False;True;True;;2015;6;True;0;0;0;0;0;0;0.000;0.000
24947161;4081498;10.1186/1471-2202-15-78;1471-2202-15-78;BMC Neuroscience;Health Sciences;Clinical Medicine;Neurology & Neurosurgery;5;False;True;Fast construction of voxel-level functional connectivity graphs;53;37;False;True;False;;2014;6;True;0;0;0;0;0;0;0.000;0.000
15693943;551534;10.1186/gb-2005-6-2-r14;gb-2005-6-2-r14;Genome Biology;;;;3;False;True;Accelerated evolution associated with genome reduction in a free-living prokaryote;47;40;False;False;False;;2005;1;True;0;0;0;0;0;0;0.000;0.000
24962204;4099157;10.1186/1471-2458-14-643;1471-2458-14-643;BMC Public Health;Health Sciences;Public Health & Health Services;Public Health;6;False;True;Epidemiologic studies of modifiable factors associated with cognition and dementia: systematic review and meta-analysis;307;300;False;True;False;;2014;6;True;0;0;0;0;0;0;0.000;0.000
27495824;4974777;10.1186/s12890-016-0275-4;275;BMC Pulmonary Medicine;Health Sciences;Clinical Medicine;Respiratory System;8;False;True;Sedation during bronchoscopy: data from a nationwide sedation and monitoring survey;30;30;True;True;True;Raw data supporting the findings (.dta format) are available upon request from the corresponding author.;2016;7;True;0;0;0;0;0;0;0.000;0.000
16433927;1382202;10.1186/1471-2458-6-13;1471-2458-6-13;BMC Public Health;Health Sciences;Public Health & Health Services;Public Health;5;False;True;A community programme to reduce salt intake and blood pressure in Ghana [ISRCTN88789643];42;33;False;False;False;;2006;1;True;0;0;0;0;0;0;0.000;0.000
;3300364;10.1186/bcr823;bcr823;Breast Cancer Research : BCR;Health Sciences;Clinical Medicine;Oncology & Carcinogenesis;1;False;True;Patient safety: why do things go wrong?;1;1;False;False;False;;2004;7;True;0;0;0;0;0;0;0.000;0.000
22713255;3499784;10.7448/IAS.15.2.17381;17381;Journal of the International AIDS Society;;;;6;False;True;Community adherence support improves programme retention in children on antiretroviral treatment: a multicentre cohort study in South Africa;35;24;False;False;False;;2012;5;True;0;0;0;0;0;0;0.000;0.000
27439789;4955222;10.1186/s12920-016-0210-9;210;BMC Medical Genomics;Health Sciences;Biomedical Research;Genetics & Heredity;10;False;True;Dealing with prognostic signature instability: a strategy illustrated for cardiovascular events in patients with end-stage renal disease;43;38;False;True;True;;2016;7;True;0;0;0;0;0;0;0.000;0.000
24505314;3913699;10.1371/journal.pone.0087778;PONE-D-13-25973;PLoS ONE;General;General Science & Technology;General Science & Technology;5;True;False;Contrasting Prefrontal Cortex Contributions to Episodic Memory Dysfunction in Behavioural Variant Frontotemporal Dementia and Alzheimer’s Disease;80;69;False;False;False;;2014;2;True;0;0;0;0;0;0;0.000;0.000
21310029;3053586;10.1186/1471-2474-12-44;1471-2474-12-44;BMC Musculoskeletal Disorders;Health Sciences;Clinical Medicine;Orthopedics;5;False;True;Genetic predisposition to fracture non-union: a case control study of a preliminary single nucleotide polymorphisms analysis of the BMP pathway;42;39;False;False;False;;2011;2;True;0;0;0;0;0;0;0.000;0.000
16901339;1590026;10.1186/1471-2164-7-205;1471-2164-7-205;BMC Genomics;Applied Sciences;Enabling & Strategic Technologies;Bioinformatics;7;False;True;Random mutagenesis in Corynebacterium glutamicum ATCC 13032 using an IS6100-based transposon vector identified the last unknown gene in the histidine biosynthesis pathway;104;96;False;False;False;;2006;7;True;0;0;0;0;0;0;0.000;0.000
27010804;4807051;10.1371/journal.pone.0152403;PONE-D-15-26410;PLoS ONE;General;General Science & Technology;General Science & Technology;5;True;False;Determinants of Cofactor Specificity for the Glucose-6-Phosphate Dehydrogenase from Escherichia coli: Simulation, Kinetics and Evolutionary Studies;46;33;True;True;True;All relevant data are within the paper and its Supporting Information files.;2016;3;True;0;0;0;0;0;0;0.000;0.000
24341704;4129182;10.1186/1749-8546-8-24;1749-8546-8-24;Chinese Medicine;Natural Sciences;Chemistry;Medicinal & Biomolecular Chemistry;2;False;True;Role of dermatomes in the determination of therapeutic characteristics of channel acupoints: a similarity-based analysis of data compiled from literature;56;29;False;False;False;;2013;7;True;0;0;0;0;0;0;0.000;0.000
21843333;3169507;10.1186/1752-0509-5-126;1752-0509-5-126;BMC Systems Biology;Applied Sciences;Enabling & Strategic Technologies;Bioinformatics;3;False;True;Global organization of protein complexome in the yeast Saccharomyces cerevisiae;55;42;False;False;False;;2011;7;True;0;0;0;0;0;0;0.000;0.000
24972631;4227060;10.1186/1746-1596-9-130;1746-1596-9-130;Diagnostic Pathology;Health Sciences;Clinical Medicine;Pathology;6;False;True;Insulin and risk of diabetic retinopathy in patients with type 2 diabetes mellitus: data from a meta-analysis of seven cohort studies;22;22;False;False;False;;2014;6;True;0;0;0;0;0;0;0.000;0.000
26448615;4598102;10.1371/journal.pone.0139717;PONE-D-15-15333;PLoS ONE;General;General Science & Technology;General Science & Technology;10;True;False;Adjunctive Aripiprazole Treatment for Risperidone-Induced Hyperprolactinemia: An 8-Week Randomized, Open-Label, Comparative Clinical Trial;25;23;True;True;True;All relevant data are within the paper and its Supporting Information files.;2015;7;True;0;0;0;0;0;0;0.000;0.000
